"","ESS","mean","median","mode","hdiMass","hdiLow","hdiHigh"
"18-59",60000.0000000003,62.3454077986216,62.5623577097892,62.4731426447709,0.95,53.5301451337885,70.8223502203496
"more60",60000,73.0865111826943,73.6683526035168,74.9798058151785,0.95,60.683842662176,84.6309134590377
