"","ESS","mean","median","mode","hdiMass","hdiLow","hdiHigh"
"12-17",61033.7390356399,66.7600501646891,74.3728884323002,84.679307235622,0.95,14.3998783702673,98.6787644997847
"18-64",59856.478689956,93.7192183156087,93.9549087745405,94.4013564744674,0.95,89.6576600056183,97.4523163748953
"more65",62498.3624181196,76.9221715007433,78.571722816886,81.9718704452704,0.95,56.9538956394919,93.2164644733062
